"Thumbnails","Title","Quantity","SKU","Category","SubCategory","ID","FrontEnd"
"https://lh3.googleusercontent.com/d/1r_Iqw4b8uhLkckAWSqZJQQX5BAyhEO_G","HAL 1 (Max)","1","101","Simulators","Child","10","True"
"https://lh3.googleusercontent.com/d/1QQYqk2_9QgI4T4hypG4LgUZhzxH9GIsk","HAL 1 (Frank)","1","101","Simulators","Child","11","True"
"https://lh3.googleusercontent.com/d/1Lni1T2zLqgKkb_7ouUtznDvaHwm3DFvW","HAL 5 (Lefty)","1","102","Simulators","Child","9","True"
"https://lh3.googleusercontent.com/d/1qZEDKL3qUInoW8qOod1WhlJfMpzEp_i8","Premie HAL (Peter)","1","103","Simulators","Infant","12","True"
"https://lh3.googleusercontent.com/d/1CkDG4P5wRlIHMJPJ0RKxOj1djhLeooXs","Sim Baby (Simone DS)","1","104","Simulators","Infant","3","True"
"https://lh3.googleusercontent.com/d/1PU1f0t0BQ0gnZ4uaM8rPEwkEyv272qAP","Sim Baby (LS)","1","104","Simulators","Infant","364","True"
"https://lh3.googleusercontent.com/d/1VhQO5Sqx6x97efPTnKcTJkwMcudybiQ5","Sim Baby (MS)","1","104","Simulators","Infant","366","True"
"https://lh3.googleusercontent.com/d/1Nc0_jH-dRw_hHbS3yMKcLEggD31TdbVh","Sim Baby Classic (TDB)","1","105","Simulators","Infant","8","True"
"https://lh3.googleusercontent.com/d/1iLyPOkvcPVuGLfEOfbnCgMBEdEeq7PfX","Sim Junior (Goldy)","1","106","Simulators","Child","4","True"
"https://lh3.googleusercontent.com/d/1CxAet1qU_wqxwG3jgkd_yKpYPV9jhj5Q","Sim Junior (Jackie)","1","106","Simulators","Child","5","True"
"https://lh3.googleusercontent.com/d/1scV-2p0cNbCph3pRCPrE_UEtXYRBSOX8","Sim Mom (Leslie)","1","108","Simulators","Adult","1","True"
"https://lh3.googleusercontent.com/d/1Hjh5HTxH8vuyGQ_Dlwz3WgTp9YbWBYZy","Sim Mom (Theresa)","1","109","Simulators","Adult","2","True"
"https://lh3.googleusercontent.com/d/12uGjdWibYnHaKWhU8EWbzk2xLqu_VaQo","Sim Newbie Classic (Greg)","1","110","Simulators","Infant","6","True"
"https://lh3.googleusercontent.com/d/1SFERlFlUeKN5AbeAoUWAIhIX5SZcUVKA","Premature Anne","1","111","Simulators","Infant","275","True"
"https://lh3.googleusercontent.com/d/1D_2LSGm-F9gcR3II_lkeGpPhjrmY_4TC","Sim NewB LS","1","112","Simulators","Infant","390","True"
"https://lh3.googleusercontent.com/d/17nzeCX62ElNiyOR5-wV1XXAeR-2xLyWV","Sim NewB DS","1","112","Simulators","Infant","391","True"
"https://lh3.googleusercontent.com/d/11OJTaxD6Ofj8dDXLv2WOR6SfcGgIhnp8","Nursing Anne African Descent","1","113","Simulators","Adult","392","True"
"https://lh3.googleusercontent.com/d/1GIVvzhnELNZO4HUnlBNLRmpvKCjZE5Fc","IV Task Trainer 01","1","201","Task Trainers","Circulation","39","True"
"https://lh3.googleusercontent.com/d/1GIVvzhnELNZO4HUnlBNLRmpvKCjZE5Fc","IV Task Trainer 02","1","201","Task Trainers","Circulation","40","True"
"https://lh3.googleusercontent.com/d/1GIVvzhnELNZO4HUnlBNLRmpvKCjZE5Fc","IV Task Trainer 03","1","201","Task Trainers","Circulation","41","True"
"https://lh3.googleusercontent.com/d/1GIVvzhnELNZO4HUnlBNLRmpvKCjZE5Fc","IV Task Trainer 04","1","201","Task Trainers","Circulation","42","True"
"https://lh3.googleusercontent.com/d/1GIVvzhnELNZO4HUnlBNLRmpvKCjZE5Fc","IV Task Trainer 05","1","201","Task Trainers","Circulation","43","True"
"https://lh3.googleusercontent.com/d/1IPjAJ6fQOSjrPQpEWObYn1hmBuj_uYtv","Little Anne QCPR %2301","1","202","Task Trainers","BLS","156","True"
"https://lh3.googleusercontent.com/d/1j7MkkS0tNxercxzeyLIS5EpWznP47ZfK","Intubation Head Infant %231","1","204","Task Trainers","Airway","28","True"
"https://lh3.googleusercontent.com/d/1qWc1GTqpTPtdSrFKFpDofrFLypRnYby8","Little Baby QCPR","1","205","Task Trainers","BLS","188","True"
"https://lh3.googleusercontent.com/d/1zdLdY0nqh71QkWg0tYMUojVs1dkcwtxd","Little Junior QCPR %2301","1","206","Task Trainers","BLS","174","True"
"https://lh3.googleusercontent.com/d/13FcipOnARQfY2glOkE1iFgfWHP4tQdyN","IO Kit-03","1","206","Task Trainers","Circulation","265","True"
"https://lh3.googleusercontent.com/d/1c5vDmTrVrCk999NJSbxU4AVvIzfCbaXd","TraumaMan w/Surgical Abdomen","1","207","Task Trainers","Multiple","13","True"
"https://lh3.googleusercontent.com/d/1F1k-GpwqvSerTNDPqWjJjMQlzqeDwuwN","Ultrasound IV Task Trainer 01","1","208","Task Trainers","Circulation","47","True"
"https://lh3.googleusercontent.com/d/1F1k-GpwqvSerTNDPqWjJjMQlzqeDwuwN","Ultrasound IV Task Trainer 02","1","208","Task Trainers","Circulation","48","True"
"https://lh3.googleusercontent.com/d/19SHu57dBrb1gjqrjUaghfes0KS596O-D","Cricothyrotomy Trainer","1","209","Task Trainers","Airway","276","True"
"https://lh3.googleusercontent.com/d/1lhrTRsDLr3_UUPNyN7VHh6bC4OCHvLkc","Mama Birthie %231","1","210","Task Trainers","Wearable","272","True"
"https://lh3.googleusercontent.com/d/1YYPrd8aWBPstHtIlwZ5cYrUcMJABhtfz","Mama Natalie %231","2","211","Task Trainers","Wearable","271","True"
"https://lh3.googleusercontent.com/d/1Lw0GzVr1lVdwhiE2t4tFFLNwSdYSMUfB","Chester Chest","1","212","Task Trainers","Circulation","277","True"
"https://lh3.googleusercontent.com/d/10p9lJ3n6vyWO4FHpit0-Nc7o7oh9en6P","Chest Drain Insertion Simulator","1","213","Task Trainers","Breathing","278","True"
"https://lh3.googleusercontent.com/d/1XTlIrnqu9fJ-xxme9POYUPVKinIzAD3K","Vascular Access Child","1","214","Task Trainers","Circulation","279","True"
"https://lh3.googleusercontent.com/d/1nJZDJAMlTwb7OhMfsQlwYzFGhtYIG876","Femoral Line Man","1","215","Task Trainers","Circulation","280","True"
"https://lh3.googleusercontent.com/d/10KT2G7UWC_tUpodZf_qZ77teMTmccPIG","Pediatric Intubation Trainer Torso %231","1","216","Task Trainers","Airway","283","True"
"https://lh3.googleusercontent.com/d/10KT2G7UWC_tUpodZf_qZ77teMTmccPIG","Pediatric Intubation Trainer Torso %232","1","216","Task Trainers","Airway","504","True"
"https://lh3.googleusercontent.com/d/10KT2G7UWC_tUpodZf_qZ77teMTmccPIG","Pediatric Intubation Trainer Torso %233","1","216","Task Trainers","Airway","505","True"
"https://lh3.googleusercontent.com/d/10KT2G7UWC_tUpodZf_qZ77teMTmccPIG","Pediatric Intubation Trainer Torso %234","1","216","Task Trainers","Airway","506","True"
"https://lh3.googleusercontent.com/d/190VOxpIyBfPO2nkJC847LZlMsSpog2XV","Baby Anne","11","217","Task Trainers","Manikins","284","True"
"https://lh3.googleusercontent.com/d/1-MTxI2ZFPpunL0f1dQLEdI4k9uWsbUMG","Resusci Junior Basic %231","1","218","Task Trainers","Manikins","285","True"
"https://lh3.googleusercontent.com/d/1-MTxI2ZFPpunL0f1dQLEdI4k9uWsbUMG","Resusci Junior Basic %232","1","218","Task Trainers","Manikins","388","True"
"https://lh3.googleusercontent.com/d/1-sY64G6NHB6v1_CeK0VLPvDE03Z6gK9A","Jaw Thrust Kyle CPR","3","219","Task Trainers","Manikins","286","True"
"https://lh3.googleusercontent.com/d/1dUEFt1jGLCteTugL-YmMcd9TiYWgFURo","Kim Newborn CPR","4","220","Task Trainers","Manikins","287","True"
"https://lh3.googleusercontent.com/d/1vTOoerSW5JAttcZP3R0eIJf3txr77A4f","Resusci Baby First Aid","1","221","Task Trainers","Manikins","288","True"
"https://lh3.googleusercontent.com/d/1fczj-Vpd49CvNeRbz7oVpbSOjNSk5tZ9","Baby Umbi %231","1","222","Task Trainers","Manikins","289","True"
"https://lh3.googleusercontent.com/d/11qnwzgiRK_MHFwWG5_JSDo8VK3i0ThHH","SkillGuide %231","1","223","Task Trainers","BLS","327","True"
"https://lh3.googleusercontent.com/d/1dYQV1oG-pCLuX-VPEi1TW2x7jLXp8VtW","Resusci Anne First Aid Full Body %231","1","224","Task Trainers","Manikins","307","True"
"https://lh3.googleusercontent.com/d/1K07GM1NT4A46yMxrU5dldM0UfS_JmRHG","Lumbar Puncture Baby %231","1","225","Task Trainers","Circulation","308","True"
"https://lh3.googleusercontent.com/d/1Eu3aNVsVtIMCNKQT7HdFZXbelR_pi55B","Intraosseous Access Knee Injection %231","1","226","Task Trainers","Circulation","313","True"
"https://lh3.googleusercontent.com/d/17Ak4GRToAB4TNOCjvjigqnOGKn2HqJSr","Left IO Leg Infant %231","1","227","Task Trainers","Circulation","314","True"
"https://lh3.googleusercontent.com/d/1jwfWDO3c-wAPH_AqDjGZ7HETwp1daP4S","Pediatric Intraosseous Leg %231","1","228","Task Trainers","Circulation","315","True"
"https://lh3.googleusercontent.com/d/1sqQEs81UUgdv2aqrhWhrptd1UqiMKZEd","TruBaby X %231","1","229","Task Trainers","Manikins","299","True"
"https://lh3.googleusercontent.com/d/1YuSA_tAzT_nHmsLgIh-WyBli3u54NLVN","Airsim Advanced Bronchi X Adult %231","1","230","Task Trainers","Airway","379","True"
"https://lh3.googleusercontent.com/d/1rhfMcKk51OCrA0wqNLPH3LbZd0vC1wHK","AirSim Bronchi Adult %231","1","231","Task Trainers","Airway","380","True"
"https://lh3.googleusercontent.com/d/1PcWIa4RIzO3lk-9is3JuadmJMT_Fr9OM","Suture Pad %231","1","234","Task Trainers","DIY","362","True"
"https://lh3.googleusercontent.com/d/1zd1zU8yHCmSSIjjIxiYWWux7F-U32eBb","Pediatric Lumbar Puncture Simulator II %231","1","235","Task Trainers","Circulation","382","True"
"https://lh3.googleusercontent.com/d/1zd1zU8yHCmSSIjjIxiYWWux7F-U32eBb","Pediatric Lumbar Puncture Simulator II %232","1","235","Task Trainers","Circulation","387","True"
"https://lh3.googleusercontent.com/d/1CWzXpziPxYzskzcrjmI3M3H462JajUN4","Advanced Venipuncture Arm 1 (Light Skin Tone)","1","236","Task Trainers","Circulation","393","True"
"https://lh3.googleusercontent.com/d/1CWzXpziPxYzskzcrjmI3M3H462JajUN4","Advanced Venipuncture Arm 2 (Light Skin Tone)","1","236","Task Trainers","Circulation","394","True"
"https://lh3.googleusercontent.com/d/1CWzXpziPxYzskzcrjmI3M3H462JajUN4","Advanced Venipuncture Arm 5 (Light Skin Tone)","1","236","Task Trainers","Circulation","395","True"
"https://lh3.googleusercontent.com/d/1CWzXpziPxYzskzcrjmI3M3H462JajUN4","Advanced Venipuncture Arm 8 (Light Skin Tone) Mat/Newborn","1","236","Task Trainers","Circulation","396","True"
"https://lh3.googleusercontent.com/d/1iu98ZVE-lBlCyBRGhebSlQ0Fwwtb-tDR","Advanced Venipuncture Arm 3 (Dark Skin Tone)","1","236","Task Trainers","Circulation","397","True"
"https://lh3.googleusercontent.com/d/1iu98ZVE-lBlCyBRGhebSlQ0Fwwtb-tDR","Advanced Venipuncture Arm 4 (Dark Skin Tone)","1","236","Task Trainers","Circulation","398","True"
"https://lh3.googleusercontent.com/d/1iu98ZVE-lBlCyBRGhebSlQ0Fwwtb-tDR","Advanced Venipuncture Arm 6 (Dark Skin Tone)","1","236","Task Trainers","Circulation","399","True"
"https://lh3.googleusercontent.com/d/1iu98ZVE-lBlCyBRGhebSlQ0Fwwtb-tDR","Advanced Venipuncture Arm 7 (Dark Skin Tone) Mat/Newborn","1","236","Task Trainers","Circulation","400","True"
"https://lh3.googleusercontent.com/d/101ti9aZDjOD23nRpnVXtSnjbOE3rAf0-","ART LINE Life/Form Pediatric Arm Light","1","237","Task Trainers","Circulation","402","True"
"https://lh3.googleusercontent.com/d/11Ad9gZ0wOAhrU0vA1dgtutuaVj6FLnmR","IV Bag and Drain Setup %231","1","238","Task Trainers","Circulation","406","True"
"https://lh3.googleusercontent.com/d/11Ad9gZ0wOAhrU0vA1dgtutuaVj6FLnmR","IV Bag and Drain Setup %232","1","238","Task Trainers","Circulation","428","True"
"https://lh3.googleusercontent.com/d/11Ad9gZ0wOAhrU0vA1dgtutuaVj6FLnmR","IV Bag and Drain Setup %233","1","238","Task Trainers","Circulation","429","True"
"https://lh3.googleusercontent.com/d/11Ad9gZ0wOAhrU0vA1dgtutuaVj6FLnmR","IV Bag and Drain Setup %234","1","238","Task Trainers","Circulation","430","True"
"https://lh3.googleusercontent.com/d/11Ad9gZ0wOAhrU0vA1dgtutuaVj6FLnmR","IV Bag and Drain Setup %235","1","238","Task Trainers","Circulation","431","True"
"https://lh3.googleusercontent.com/d/11Ad9gZ0wOAhrU0vA1dgtutuaVj6FLnmR","IV Bag and Drain Setup %236","1","238","Task Trainers","Circulation","432","True"
"https://lh3.googleusercontent.com/d/11Ad9gZ0wOAhrU0vA1dgtutuaVj6FLnmR","IV Bag and Drain Setup %237","1","238","Task Trainers","Circulation","433","True"
"https://lh3.googleusercontent.com/d/11Ad9gZ0wOAhrU0vA1dgtutuaVj6FLnmR","IV Bag and Drain Setup %238","1","238","Task Trainers","Circulation","434","True"
"https://lh3.googleusercontent.com/d/11Ad9gZ0wOAhrU0vA1dgtutuaVj6FLnmR","IV Bag and Drain Setup %239","1","238","Task Trainers","Circulation","435","True"
"https://lh3.googleusercontent.com/d/11Ad9gZ0wOAhrU0vA1dgtutuaVj6FLnmR","IV Bag and Drain Setup %2310","1","238","Task Trainers","Circulation","436","True"
"https://lh3.googleusercontent.com/d/11Ad9gZ0wOAhrU0vA1dgtutuaVj6FLnmR","IV Bag and Drain Setup %2311","1","238","Task Trainers","Circulation","437","True"
"https://lh3.googleusercontent.com/d/1cuJnYLn1vNQ6ZFkl-Ml0nS0sldag85hw","Clean Bleed Mat %231","1","239","Task Trainers","Circulation","422","True"
"https://lh3.googleusercontent.com/d/1cuJnYLn1vNQ6ZFkl-Ml0nS0sldag85hw","Clean Bleed Mat %232","1","239","Task Trainers","Circulation","423","True"
"https://lh3.googleusercontent.com/d/1pEOH-GKX9pInP3AzkxP-rJtbRiphR7qt","PICC Line Trainer","1","240","Task Trainers","Circulation","507","True"
"https://lh3.googleusercontent.com/d/1j7MkkS0tNxercxzeyLIS5EpWznP47ZfK","Intubation Head Infant AirSim Pierre Robin X %231","1","241","Task Trainers","Airway","557","True"
"https://lh3.googleusercontent.com/d/1PuUT1V6gzDn7EwVD1zWX9eFgoPrKQi55","Nursing Kid %231","1","242","Task Trainers","Manikins","389","True"
"https://lh3.googleusercontent.com/d/1-MTxI2ZFPpunL0f1dQLEdI4k9uWsbUMG","Mega Code Kid %231","1","243","Task Trainers","Manikins","569","True"
"https://lh3.googleusercontent.com/d/1K0aXhGvM80qjf800tHb4YcwGs0jQQqw4","BLS Shelf Cart Extras","1","301","Task Trainers","BLS","155","True"
"https://lh3.googleusercontent.com/d/1D-BPGvrLB3YnOPz_Rml_6v-oo-DxMOXj","BLS Stretcher 01","1","302","Task Trainers","BLS","152","True"
"https://lh3.googleusercontent.com/d/1D-BPGvrLB3YnOPz_Rml_6v-oo-DxMOXj","BLS Stretcher 02","1","302","Task Trainers","BLS","153","True"
"https://lh3.googleusercontent.com/d/1D-BPGvrLB3YnOPz_Rml_6v-oo-DxMOXj","BLS Stretcher 03","1","302","Task Trainers","BLS","154","True"
"https://lh3.googleusercontent.com/d/1ZYw4j3oghsMCPTjhrPEB1iOfhHixghMg","CPRC-01","1","304","Task Trainers","Carts","20","True"
"https://lh3.googleusercontent.com/d/1ZYw4j3oghsMCPTjhrPEB1iOfhHixghMg","CPRC-02","1","304","Task Trainers","Carts","21","True"
"https://lh3.googleusercontent.com/d/1ZYw4j3oghsMCPTjhrPEB1iOfhHixghMg","CPRC-03","1","304","Task Trainers","Carts","22","True"
"https://lh3.googleusercontent.com/d/1ZYw4j3oghsMCPTjhrPEB1iOfhHixghMg","CPRC-04","1","304","Task Trainers","Carts","23","True"
"https://lh3.googleusercontent.com/d/1ZYw4j3oghsMCPTjhrPEB1iOfhHixghMg","CPRC-05","1","304","Task Trainers","Carts","330","True"
"https://lh3.googleusercontent.com/d/1kqmEur3WdkKcys8kACvulQSbK2d09eeT","FFMC-01","1","305","Task Trainers","Carts","18","True"
"https://lh3.googleusercontent.com/d/1kqmEur3WdkKcys8kACvulQSbK2d09eeT","FFMC-02","1","305","Task Trainers","Carts","19","True"
"https://lh3.googleusercontent.com/d/13FcipOnARQfY2glOkE1iFgfWHP4tQdyN","IO Kit-01","1","306","Task Trainers","Circulation","24","True"
"https://lh3.googleusercontent.com/d/13FcipOnARQfY2glOkE1iFgfWHP4tQdyN","IO Kit-02","1","306","Task Trainers","Circulation","25","True"
"https://lh3.googleusercontent.com/d/1jRBmKZy04uRBzIaM3ljExCW1dwYe6PZP","Lego Game %231","1","307","Course Materials","Game","496","True"
"https://lh3.googleusercontent.com/d/10CcOHQsmcjtnG5c3YDAyuMnDIXupZGYP","Defib Cart %231","2","401","Medical Devices","Carts","269","True"
"https://lh3.googleusercontent.com/d/10CcOHQsmcjtnG5c3YDAyuMnDIXupZGYP","Defib Cart 2","1","401","Medical Devices","Carts","365","True"
"https://lh3.googleusercontent.com/d/1HJ5C6tFaWZ4V_xX4BXZ3pZNJ9UFqCP1n","WOW 1","1","402","Medical Devices","Electronics","267","True"
"https://lh3.googleusercontent.com/d/1HJ5C6tFaWZ4V_xX4BXZ3pZNJ9UFqCP1n","WOW %232","1","402","Medical Devices","Electronics","335","True"
"https://lh3.googleusercontent.com/d/1HJ5C6tFaWZ4V_xX4BXZ3pZNJ9UFqCP1n","WOW %233","1","402","Medical Devices","Electronics","336","True"
"https://lh3.googleusercontent.com/d/1HJ5C6tFaWZ4V_xX4BXZ3pZNJ9UFqCP1n","WOW %234","1","402","Medical Devices","Electronics","337","True"
"https://lh3.googleusercontent.com/d/1uE3KT6KX6LbVhnkxdztx2DrTMfkotpCz","Zoll Defibrillator %231","1","403","Medical Devices","Circulation","244","True"
"https://lh3.googleusercontent.com/d/1uE3KT6KX6LbVhnkxdztx2DrTMfkotpCz","Zoll Defibrillator %232","1","403","Medical Devices","Circulation","245","True"
"https://lh3.googleusercontent.com/d/1uE3KT6KX6LbVhnkxdztx2DrTMfkotpCz","Zoll Defibrillator %233","1","403","Medical Devices","Circulation","246","True"
"https://lh3.googleusercontent.com/d/1uE3KT6KX6LbVhnkxdztx2DrTMfkotpCz","Zoll Defibrillator %234","1","403","Medical Devices","Circulation","247","True"
"https://lh3.googleusercontent.com/d/1uE3KT6KX6LbVhnkxdztx2DrTMfkotpCz","Zoll Defibrillator %235","1","403","Medical Devices","Circulation","248","True"
"https://lh3.googleusercontent.com/d/18wl6hriwUSuccXErRx9rq2ksqMjIEJLd","Ambu® SPUR® II – Disposable Resuscitator %231","1","405","Medical Devices","Breathing","293","True"
"https://lh3.googleusercontent.com/d/18wl6hriwUSuccXErRx9rq2ksqMjIEJLd","Ambu® SPUR® II – Disposable Resuscitator %232","1","405","Medical Devices","Breathing","562","True"
"https://lh3.googleusercontent.com/d/18wl6hriwUSuccXErRx9rq2ksqMjIEJLd","Ambu® SPUR® II – Disposable Resuscitator %233","1","405","Medical Devices","Breathing","563","True"
"https://lh3.googleusercontent.com/d/18wl6hriwUSuccXErRx9rq2ksqMjIEJLd","Ambu® SPUR® II – Disposable Resuscitator %234","1","405","Medical Devices","Breathing","564","True"
"https://lh3.googleusercontent.com/d/1J-gcxkWS5TARcoFGqE9MaZ8D9ZKB_XoC","ZOLL Adult A/A Pads - Real Demo - For Training Purposes Only %231","1","406","Medical Devices","Circulation","294","True"
"https://lh3.googleusercontent.com/d/1LttHcklUoUoeeIA6TAIiksG4paF_GlaP","ZOLL Pediatric A/A Pads - Real Demo - For Training Purposes Only %231","1","407","Medical Devices","Circulation","295","True"
"https://lh3.googleusercontent.com/d/16tTAkCu2AlO2-ouXl9eZfdFNQBgbvOso","ShockLink System %231","1","408","Simulated Equipment","App","296","True"
"https://lh3.googleusercontent.com/d/16tTAkCu2AlO2-ouXl9eZfdFNQBgbvOso","ShockLink System %232","1","408","Simulated Equipment","App","518","True"
"https://lh3.googleusercontent.com/d/16tTAkCu2AlO2-ouXl9eZfdFNQBgbvOso","ShockLink System %233","1","408","Simulated Equipment","App","519","True"
"https://lh3.googleusercontent.com/d/16tTAkCu2AlO2-ouXl9eZfdFNQBgbvOso","ShockLink System %234","1","408","Simulated Equipment","App","520","True"
"https://lh3.googleusercontent.com/d/16tTAkCu2AlO2-ouXl9eZfdFNQBgbvOso","ShockLink System %235","1","408","Simulated Equipment","App","521","True"
"https://lh3.googleusercontent.com/d/16tTAkCu2AlO2-ouXl9eZfdFNQBgbvOso","ShockLink System %236","1","408","Simulated Equipment","App","522","True"
"https://lh3.googleusercontent.com/d/16tTAkCu2AlO2-ouXl9eZfdFNQBgbvOso","ShockLink System %237","1","408","Simulated Equipment","App","523","True"
"https://lh3.googleusercontent.com/d/16tTAkCu2AlO2-ouXl9eZfdFNQBgbvOso","ShockLink System %238","1","408","Simulated Equipment","App","524","True"
"https://lh3.googleusercontent.com/d/1EhHme1VhbgXK2SNT6eBEalTTXGWoRUWz","Mock Thermometer %231","1","409","Simulated Equipment","Prop","297","True"
"https://lh3.googleusercontent.com/d/1EhHme1VhbgXK2SNT6eBEalTTXGWoRUWz","Mock Thermometer %232","1","409","Simulated Equipment","Prop","517","True"
"https://lh3.googleusercontent.com/d/15Y94Vj0wuTDfiCgo9VuCNzxi-Ngi-UGL","C Spine Hard Collar %231","1","410","Medical Devices","Prop","298","True"
"https://lh3.googleusercontent.com/d/1Reosewo6GyxZy9WVPhxY1XbN9hA07Xdd","Rhythm Generator 12-Lead ECG Simulator %231","1","411","Simulated Equipment","App","300","True"
"https://lh3.googleusercontent.com/d/1Reosewo6GyxZy9WVPhxY1XbN9hA07Xdd","Rhythm Generator 12-Lead ECG Simulator %232","1","411","Simulated Equipment","App","525","True"
"https://lh3.googleusercontent.com/d/1Ic3II0Ws4fHppzGeeI4_C-V0VDU2jtik","Mock Blood and Plasma Products","1","412","Simulated Equipment","Prop","301","True"
"https://lh3.googleusercontent.com/d/1icE6AGxNoBsxJ-sNWTE5ZcWkq8zC16Xu","Verathon GlideScope Monitor with Baton %231","1","413","Medical Devices","Circulation","302","True"
"https://lh3.googleusercontent.com/d/1WqOLOb_kcO6pQbgSFD3A5sTAqjKMAt73","Manikin Attire (specify in note)","1","414","Simulated Equipment","Prop","303","True"
"https://lh3.googleusercontent.com/d/1bueXwknZzirka7WdfRenyVOkWQgK2ghw","BD Bard Site Rite 6 %231","1","415","Medical Devices","Circulation","304","True"
"https://lh3.googleusercontent.com/d/1OwMFkoPFDh4Z5WiQW78NqSmJOhz5Xst2","IV Pole %231","6","416","Medical Devices","Circulation","305","True"
"https://lh3.googleusercontent.com/d/1r1uzTYkctzsGZM_pTke5zbAfMytOMz2J","Arrow EZ-IO Intraosseous Vascular Access System %231","6","417","Medical Devices","Circulation","306","True"
"https://lh3.googleusercontent.com/d/1DqRlYQFBdxITy-XHyIUV3eIxvfqEGMoY","Surgical Step Stools - Stackable and Interlock %231","22","418","Medical Devices","BLS","309","True"
"https://lh3.googleusercontent.com/d/1991n-gwh3IS5eJjgvplv8Hc1Ix8jGBpy","Hospital Stretcher Pedigo 540 %231","1","419","Medical Devices","Carts","311","True"
"https://lh3.googleusercontent.com/d/1991n-gwh3IS5eJjgvplv8Hc1Ix8jGBpy","Hospital Stretcher Pedigo 540 %232","1","419","Medical Devices","Carts","565","True"
"https://lh3.googleusercontent.com/d/1991n-gwh3IS5eJjgvplv8Hc1Ix8jGBpy","Hospital Stretcher Pedigo 540 %233","1","419","Medical Devices","Carts","566","True"
"https://lh3.googleusercontent.com/d/1CIMi9QaJ2yI3fFhA_CDET3cHnUqz3kX4","Pediatric Crib %231","1","420","Medical Devices","Carts","312","True"
"https://lh3.googleusercontent.com/d/1LHJAc72m4jHw3Dn9wYpPZjxXtiEQwkgW","Blood Clots 5 Pack","4","421","Simulated Equipment","Prop","325","True"
"https://lh3.googleusercontent.com/d/1KN3PS2SuhqtaaScshx6LcHd4PTqg_yUl","Scrubs XS","1","422","Medical Devices","Prop","326","True"
"https://lh3.googleusercontent.com/d/1Oc3hWA-KZQ5KQo5_EKcoRdWHNK5YpEy5","Reflex Hammer %231","1","424","Medical Devices","Diagnostic","331","True"
"https://lh3.googleusercontent.com/d/1AkFkFGr2UgTaRclq1VRdx-uHsnuDilTP","Pediatric Lumbar Puncture Tray Kit %231","1","425","Medical Devices","Circulation","383","True"
"https://lh3.googleusercontent.com/d/1NNcCkcBaVAfbT5qKcsHSfEES7spikNvh","Stryker 5050 Stretcher Chair %231","1","426","Medical Devices","Carts","424","True"
"https://lh3.googleusercontent.com/d/1MRo2m8SOeasF6ucre3u1c8HBJvSBm4sX","Stethoscope %231","1","427","Medical Devices","Diagnostic","440","True"
"https://lh3.googleusercontent.com/d/1MRo2m8SOeasF6ucre3u1c8HBJvSBm4sX","Stethoscope %232","1","427","Medical Devices","Diagnostic","441","True"
"https://lh3.googleusercontent.com/d/1MRo2m8SOeasF6ucre3u1c8HBJvSBm4sX","Stethoscope %233","1","427","Medical Devices","Diagnostic","442","True"
"https://lh3.googleusercontent.com/d/1MRo2m8SOeasF6ucre3u1c8HBJvSBm4sX","Stethoscope %234","1","427","Medical Devices","Diagnostic","443","True"
"https://lh3.googleusercontent.com/d/1MRo2m8SOeasF6ucre3u1c8HBJvSBm4sX","Stethoscope %235","1","427","Medical Devices","Diagnostic","444","True"
"https://lh3.googleusercontent.com/d/1MRo2m8SOeasF6ucre3u1c8HBJvSBm4sX","Stethoscope %236","1","427","Medical Devices","Diagnostic","445","True"
"https://lh3.googleusercontent.com/d/1MRo2m8SOeasF6ucre3u1c8HBJvSBm4sX","Stethoscope %237","1","427","Medical Devices","Diagnostic","446","True"
"https://lh3.googleusercontent.com/d/1MRo2m8SOeasF6ucre3u1c8HBJvSBm4sX","Stethoscope %238","1","427","Medical Devices","Diagnostic","447","True"
"https://lh3.googleusercontent.com/d/1tOjHFaKpTf9pwIGl_zVngcSqQTAh6CBd","SmartLung Adult","1","428","Medical Devices","Diagnostic","497","True"
"https://lh3.googleusercontent.com/d/1lAD89bOdUvcBsGIbXeG3T428HabMW3Zv","EasyLung Neonatal","1","429","Medical Devices","Diagnostic","499","True"
"https://lh3.googleusercontent.com/d/1g9J1tCOyfktNTSESOgyxes3ZNL2uG57I","Ambu aScope 4 Broncho - Bronchoscopy Endoscope","1","430","Medical Devices","Airway","363","True"
"https://lh3.googleusercontent.com/d/1-ORKM0fDJV_aHeRi42l46dH05iLUthPe","Stryker Stretcher Large/Wide %231","10","431","Medical Devices","Carts","567","True"
"https://lh3.googleusercontent.com/d/1-ORKM0fDJV_aHeRi42l46dH05iLUthPe","Stryker Stretcher Large/Wide %232","10","431","Medical Devices","Carts","568","True"
"https://lh3.googleusercontent.com/d/","Cico Kit %231","1","432","Medical Devices","Airway","575","True"
"https://lh3.googleusercontent.com/d/","Trach Emergency Box %231","1","433","Medical Devices","Airway","576","True"
"https://lh3.googleusercontent.com/d/1fscGlYqMfjZ6T71GyBMV99Ke9H9Rb5KH","Ancef","1","501","Simulated Equipment","Mock Medicine","59","True"
"https://lh3.googleusercontent.com/d/1fscGlYqMfjZ6T71GyBMV99Ke9H9Rb5KH","Atropine","1","501","Simulated Equipment","Mock Medicine","60","True"
"https://lh3.googleusercontent.com/d/1Iy6mwGuk0ivrLdJdXPB88F3-cPi4Ornj","Mini AED Trainer %231","1","502","Simulated Equipment","Circulation","281","True"
"https://lh3.googleusercontent.com/d/1wTyLTVdtgH-2yKSI8LreTofa8NzahtpA","ABC Box %231","2","503","Simulated Equipment","Breathing","282","True"
"https://lh3.googleusercontent.com/d/1wTyLTVdtgH-2yKSI8LreTofa8NzahtpA","ABC Box %232","2","503","Simulated Equipment","Breathing","516","True"
"https://lh3.googleusercontent.com/d/1bip63i99iyptNyNSaI-ybL7-JF_o0q0Y","Blue Medicine Cart - Armstrong Medical Cart","2","504","Simulated Equipment","Carts","501","True"
"https://lh3.googleusercontent.com/d/1RleskjGQtKztzvjM53VUP6thSrwz_hBS","Jabra 750 speaker JA01","1","601","Technology","Electronics","250","True"
"https://lh3.googleusercontent.com/d/1RleskjGQtKztzvjM53VUP6thSrwz_hBS","Jabra 750 speaker JA02","1","601","Technology","Electronics","251","True"
"https://lh3.googleusercontent.com/d/1RleskjGQtKztzvjM53VUP6thSrwz_hBS","Jabra 750 speaker JA03","1","601","Technology","Electronics","252","True"
"https://lh3.googleusercontent.com/d/1RleskjGQtKztzvjM53VUP6thSrwz_hBS","Jabra 750 speaker JA04","1","601","Technology","Electronics","254","True"
"https://lh3.googleusercontent.com/d/1RleskjGQtKztzvjM53VUP6thSrwz_hBS","Jabra 750 speaker JA05","1","601","Technology","Electronics","255","True"
"https://lh3.googleusercontent.com/d/1RleskjGQtKztzvjM53VUP6thSrwz_hBS","Jabra 750 speaker JA06","1","601","Technology","Electronics","256","True"
"https://lh3.googleusercontent.com/d/1RleskjGQtKztzvjM53VUP6thSrwz_hBS","Jabra 750 speaker JA07","1","601","Technology","Electronics","257","True"
"https://lh3.googleusercontent.com/d/1KtT7JBeyY0Rp3zcHgea52NygiNa8oNcg","Jabra Panacast 180 %231","1","602","Technology","Electronics","258","True"
"https://lh3.googleusercontent.com/d/1KtT7JBeyY0Rp3zcHgea52NygiNa8oNcg","Jabra Panacast 180 %232","1","602","Technology","Electronics","259","True"
"https://lh3.googleusercontent.com/d/1KtT7JBeyY0Rp3zcHgea52NygiNa8oNcg","Jabra Panacast 180 %233","1","602","Technology","Electronics","260","True"
"https://lh3.googleusercontent.com/d/1qew6AdmVc_9VQeiXuwWSzRLoGR2cNTy4","Jabra Speaker 510 JA01","1","603","Technology","Electronics","253","True"
"https://lh3.googleusercontent.com/d/1qew6AdmVc_9VQeiXuwWSzRLoGR2cNTy4","Jabra Speaker 510 JA02","1","603","Technology","Electronics","274","True"
"https://lh3.googleusercontent.com/d/10glwZ5cuPrFa8W8VjmQv4A1QOGJfLQnm","iPad 9 %231","1","604","Technology","Electronics","202","True"
"https://lh3.googleusercontent.com/d/10glwZ5cuPrFa8W8VjmQv4A1QOGJfLQnm","iPad 9 %232","1","604","Technology","Electronics","535","True"
"https://lh3.googleusercontent.com/d/10glwZ5cuPrFa8W8VjmQv4A1QOGJfLQnm","iPad 9 %233","1","604","Technology","Electronics","536","True"
"https://lh3.googleusercontent.com/d/1-LTnJVNnjxLiT2kSXlhZb7lOCP15MW-X","iPad mini %231","1","605","Technology","Electronics","213","True"
"https://lh3.googleusercontent.com/d/1-LTnJVNnjxLiT2kSXlhZb7lOCP15MW-X","iPad mini %232","1","605","Technology","Electronics","537","True"
"https://lh3.googleusercontent.com/d/1-LTnJVNnjxLiT2kSXlhZb7lOCP15MW-X","iPad mini %233","1","605","Technology","Electronics","538","True"
"https://lh3.googleusercontent.com/d/1-LTnJVNnjxLiT2kSXlhZb7lOCP15MW-X","iPad mini %234","1","605","Technology","Electronics","539","True"
"https://lh3.googleusercontent.com/d/1-LTnJVNnjxLiT2kSXlhZb7lOCP15MW-X","iPad mini %235","1","605","Technology","Electronics","540","True"
"https://lh3.googleusercontent.com/d/1-LTnJVNnjxLiT2kSXlhZb7lOCP15MW-X","iPad mini %236","1","605","Technology","Electronics","541","True"
"https://lh3.googleusercontent.com/d/1-LTnJVNnjxLiT2kSXlhZb7lOCP15MW-X","iPad mini %237","1","605","Technology","Electronics","542","True"
"https://lh3.googleusercontent.com/d/1-LTnJVNnjxLiT2kSXlhZb7lOCP15MW-X","iPad mini %238","1","605","Technology","Electronics","543","True"
"https://lh3.googleusercontent.com/d/1-LTnJVNnjxLiT2kSXlhZb7lOCP15MW-X","iPad mini %239","1","605","Technology","Electronics","544","True"
"https://lh3.googleusercontent.com/d/1-LTnJVNnjxLiT2kSXlhZb7lOCP15MW-X","iPad mini %2310","1","605","Technology","Electronics","545","True"
"https://lh3.googleusercontent.com/d/1-LTnJVNnjxLiT2kSXlhZb7lOCP15MW-X","iPad mini %2311","1","605","Technology","Electronics","546","True"
"https://lh3.googleusercontent.com/d/1N__oFLHnq2p38LA5AfdIEG_hedG19Dt4","Surface pro 7 ","1","607","Technology","Electronics","261","True"
"https://lh3.googleusercontent.com/d/1J32N-KJPySw2x6Aii6U67OanqEB096Cl","Surface Pro 9","1","608","Technology","Electronics","263","True"
"https://lh3.googleusercontent.com/d/1hBS5OzaAFfRuc3djjlJR-izKLYZ5BnrR","BenQ HT2050A 1080P Home Theater Projector %231","1","609","Technology","Electronics","310","True"
"https://lh3.googleusercontent.com/d/1nGBx_xoB4cccF5ysw4ln6j4qlDCDrqHn","Fujitsu Tablet PC","1","610","Technology","Electronics","323","True"
"https://lh3.googleusercontent.com/d/1_bJvDhvm-G0Q93GaPae7jCxGnEFT5-oL","Smallrig Clamp A","1","611","Technology","Mounts","403","True"
"https://lh3.googleusercontent.com/d/1_bJvDhvm-G0Q93GaPae7jCxGnEFT5-oL","Smallrig Clamp B","1","611","Technology","Mounts","407","True"
"https://lh3.googleusercontent.com/d/1_bJvDhvm-G0Q93GaPae7jCxGnEFT5-oL","Smallrig Clamp C","1","611","Technology","Mounts","414","True"
"https://lh3.googleusercontent.com/d/1_bJvDhvm-G0Q93GaPae7jCxGnEFT5-oL","Smallrig Clamp D","1","611","Technology","Mounts","415","True"
"https://lh3.googleusercontent.com/d/1_bJvDhvm-G0Q93GaPae7jCxGnEFT5-oL","Smallrig Clamp E","1","611","Technology","Mounts","416","True"
"https://lh3.googleusercontent.com/d/1_bJvDhvm-G0Q93GaPae7jCxGnEFT5-oL","Smallrig Clamp F","1","611","Technology","Mounts","417","True"
"https://lh3.googleusercontent.com/d/1_bJvDhvm-G0Q93GaPae7jCxGnEFT5-oL","Smallrig Clamp G","1","611","Technology","Mounts","418","True"
"https://lh3.googleusercontent.com/d/1_bJvDhvm-G0Q93GaPae7jCxGnEFT5-oL","Smallrig Clamp H","1","611","Technology","Mounts","419","True"
"https://lh3.googleusercontent.com/d/1HyrYcBeLLC8KgpwwdkdLVRxp85c5PnWX","Smallrig Articulating Arm %232","1","612","Technology","Mounts","404","True"
"https://lh3.googleusercontent.com/d/1HyrYcBeLLC8KgpwwdkdLVRxp85c5PnWX","Smallrig Articulating Arm %231","1","612","Technology","Mounts","405","True"
"https://lh3.googleusercontent.com/d/1HyrYcBeLLC8KgpwwdkdLVRxp85c5PnWX","Smallrig Articulating Arm %233","1","612","Technology","Mounts","408","True"
"https://lh3.googleusercontent.com/d/1HyrYcBeLLC8KgpwwdkdLVRxp85c5PnWX","Smallrig Articulating Arm %234","1","612","Technology","Mounts","409","True"
"https://lh3.googleusercontent.com/d/1HyrYcBeLLC8KgpwwdkdLVRxp85c5PnWX","Smallrig Articulating Arm %235","1","612","Technology","Mounts","410","True"
"https://lh3.googleusercontent.com/d/1HyrYcBeLLC8KgpwwdkdLVRxp85c5PnWX","Smallrig Articulating Arm %236","1","612","Technology","Mounts","411","True"
"https://lh3.googleusercontent.com/d/1HyrYcBeLLC8KgpwwdkdLVRxp85c5PnWX","Smallrig Articulating Arm %237","1","612","Technology","Mounts","412","True"
"https://lh3.googleusercontent.com/d/1HyrYcBeLLC8KgpwwdkdLVRxp85c5PnWX","Smallrig Articulating Arm %238","1","612","Technology","Mounts","413","True"
"https://lh3.googleusercontent.com/d/1iIM2nbQCmtOQDj6LCMyWcYNgy4bOjc9O","Power Bank %231 Backup Battery Charmast 10400mAh","1","613","Technology","Electronics","420","True"
"https://lh3.googleusercontent.com/d/1iIM2nbQCmtOQDj6LCMyWcYNgy4bOjc9O","Power Bank %232 Backup Battery Charmast 10400mAh","1","613","Technology","Electronics","421","True"
"https://lh3.googleusercontent.com/d/1CeEBSe6SYNa05NFhqWf4qUuHpbzkc9uP","SimPad Plus %231","1","614","Technology","Electronics","438","True"
"https://lh3.googleusercontent.com/d/1CeEBSe6SYNa05NFhqWf4qUuHpbzkc9uP","SimPad Plus %232","1","614","Technology","Electronics","439","True"
"https://lh3.googleusercontent.com/d/1Ya60_Od3ugqqFgNqu8_afGNaEMxCIjWf","Zoom H6 Handy Recorder","1","615","Technology","Electronics","484","True"
"https://lh3.googleusercontent.com/d/1SnlTF1Sb0IcuUlzseioSFx2jFVmpuNBs","Power Extension Cord 10FT %231","1","616","Technology","Electronics","485","True"
"https://lh3.googleusercontent.com/d/1SnlTF1Sb0IcuUlzseioSFx2jFVmpuNBs","Power Extension Cord 10FT %232","1","616","Technology","Electronics","486","True"
"https://lh3.googleusercontent.com/d/1SnlTF1Sb0IcuUlzseioSFx2jFVmpuNBs","Power Extension Cord 10FT %233","1","616","Technology","Electronics","487","True"
"https://lh3.googleusercontent.com/d/1SnlTF1Sb0IcuUlzseioSFx2jFVmpuNBs","Power Extension Cord 10FT %234","1","616","Technology","Electronics","488","True"
"https://lh3.googleusercontent.com/d/1SnlTF1Sb0IcuUlzseioSFx2jFVmpuNBs","Power Extension Cord 10FT %235","1","616","Technology","Electronics","489","True"
"https://lh3.googleusercontent.com/d/1SnlTF1Sb0IcuUlzseioSFx2jFVmpuNBs","Power Extension Cord 10FT %236","1","616","Technology","Electronics","490","True"
"https://lh3.googleusercontent.com/d/1VqIFj9Q9xhyUicLBJOt7fPgX9f9gW2l6","Power Bar Surge Protector 30W %231","1","617","Technology","Electronics","492","True"
"https://lh3.googleusercontent.com/d/1VqIFj9Q9xhyUicLBJOt7fPgX9f9gW2l6","Power Bar Surge Protector 30W %232","1","617","Technology","Electronics","493","True"
"https://lh3.googleusercontent.com/d/1VqIFj9Q9xhyUicLBJOt7fPgX9f9gW2l6","Power Bar Surge Protector 30W %233","1","617","Technology","Electronics","494","True"
"https://lh3.googleusercontent.com/d/1VqIFj9Q9xhyUicLBJOt7fPgX9f9gW2l6","Power Bar Surge Protector 30W %234","1","617","Technology","Electronics","495","True"
"https://lh3.googleusercontent.com/d/1nqFFff7f1nmD58HiiNw75S1bP906cOql","Insta 360 One R","1","618","Technology","Electronics","502","True"
"https://lh3.googleusercontent.com/d/14j71IXBH35O5EgwMoM4V-BYVrp99GGwD","Dell Laptop %231","1","619","Technology","Electronics","503","True"
"https://lh3.googleusercontent.com/d/14j71IXBH35O5EgwMoM4V-BYVrp99GGwD","Dell Laptop %232","1","619","Technology","Electronics","534","True"
"https://lh3.googleusercontent.com/d/1wBHptKFMiZ8927u2KDvaGnk0AHa2VR5V","Brady Labeler %231","1","620","Technology","Electronics","320","True"
"https://lh3.googleusercontent.com/d/12prBQq-jCkw9b7xO06FGzHQXp5W6OGAD","Brother Labeler %231","1","621","Technology","Electronics","321","True"
"https://lh3.googleusercontent.com/d/1n6KRKO60IsqM-BX20A0p7D1086EwvaCx","Bedside Table %231","1","700","Furniture","Tables","332","True"
"https://lh3.googleusercontent.com/d/1n6KRKO60IsqM-BX20A0p7D1086EwvaCx","Bedside Table %232","1","700","Furniture","Tables","549","True"
"https://lh3.googleusercontent.com/d/1n6KRKO60IsqM-BX20A0p7D1086EwvaCx","Bedside Table %233","1","700","Furniture","Tables","550","True"
"https://lh3.googleusercontent.com/d/1n6KRKO60IsqM-BX20A0p7D1086EwvaCx","Bedside Table %231","1","700","Furniture","Tables","551","True"
"https://lh3.googleusercontent.com/d/1n6KRKO60IsqM-BX20A0p7D1086EwvaCx","Bedside Table %234","1","700","Furniture","Tables","552","True"
"https://lh3.googleusercontent.com/d/1n6KRKO60IsqM-BX20A0p7D1086EwvaCx","Bedside Table %235","1","700","Furniture","Tables","553","True"
"https://lh3.googleusercontent.com/d/1n6KRKO60IsqM-BX20A0p7D1086EwvaCx","Bedside Table %236","1","700","Furniture","Tables","554","True"
"https://lh3.googleusercontent.com/d/1n6KRKO60IsqM-BX20A0p7D1086EwvaCx","Bedside Table %237","1","700","Furniture","Tables","555","True"
"https://lh3.googleusercontent.com/d/1n6KRKO60IsqM-BX20A0p7D1086EwvaCx","Bedside Table %238","1","700","Furniture","Tables","556","True"
"https://lh3.googleusercontent.com/d/1mJVoujspUxQ52w4vjFMnHC_RfrOWusIo","PALS Documents Bin","1","701","Course Materials","Documents","328","True"
"https://lh3.googleusercontent.com/d/1XOw25akT8NNg1qjypaqg8p9cKUjhgf1u","PALS Video","1","702","Course Materials","Video Files","329","True"
"https://lh3.googleusercontent.com/d/1ntnoi4wrHXj1igdp8BfQxmDDRp5N3VGs","Name Tags - Stick On","10","703","Course Materials","Stationary","319","True"
"https://lh3.googleusercontent.com/d/1sfk4itNsBo4met4AzK2dPEcT3oSEwqdw","Chair %231","99","703","Furniture","Seating","333","True"
"https://lh3.googleusercontent.com/d/1sfk4itNsBo4met4AzK2dPEcT3oSEwqdw","Chair %232","1","703","Furniture","Seating","338","True"
"https://lh3.googleusercontent.com/d/1JSfDqC0HcCztIXPvYUv4BE8TGrEhw7b5","Clipboard %231","1","704","Course Materials","Stationary","322","True"
"https://lh3.googleusercontent.com/d/1nbfGZlF_DRMmhPW-m2WhWnyo4_GbEUrR","Desk Table %231","29","704","Furniture","Tables","334","True"
"https://lh3.googleusercontent.com/d/1JSfDqC0HcCztIXPvYUv4BE8TGrEhw7b5","Clipboard %232","1","704","Course Materials","Stationary","558","True"
"https://lh3.googleusercontent.com/d/1JSfDqC0HcCztIXPvYUv4BE8TGrEhw7b5","Clipboard %233","1","704","Course Materials","Stationary","559","True"
"https://lh3.googleusercontent.com/d/1JSfDqC0HcCztIXPvYUv4BE8TGrEhw7b5","Clipboard %234","1","704","Course Materials","Stationary","560","True"
"https://lh3.googleusercontent.com/d/1JSfDqC0HcCztIXPvYUv4BE8TGrEhw7b5","Clipboard %235","1","704","Course Materials","Stationary","561","True"
"https://lh3.googleusercontent.com/d/1Jv5emLBh27rWM21Mh3FR_hXJXXXCgn4-","Dry Erase Board with Easel","1","706","Course Materials","Stationary","573","True"
"https://lh3.googleusercontent.com/d/10xZAlqZJt9AAtV_JxZsYfP6mBszp72hh","CW Sim Sign %231","1","707","Course Materials","Stationary","574","True"
"https://lh3.googleusercontent.com/d/1A27YTGvIQBc9Y9K3kA8hwqZQhpxxQnA_","Flip Chart Paper","1","708","Course Materials","Stationary","572","True"
"https://lh3.googleusercontent.com/d/1Yql628tDmbPBSaLRRu-M1gRldxxjRoe3","Mock Crash Cart %231","1","807","Simulated Equipment","Carts","268","True"
"https://lh3.googleusercontent.com/d/1wbW_VrmOhdxYtRczTVL5WhMUw8jrvRJ6","Red Drug Bag %231","1","808","Simulated Equipment","Mock Medicine","26","True"
"https://lh3.googleusercontent.com/d/1wbW_VrmOhdxYtRczTVL5WhMUw8jrvRJ6","Red Drug Bag %232","4","808","Simulated Equipment","Mock Medicine","508","True"
"https://lh3.googleusercontent.com/d/1wbW_VrmOhdxYtRczTVL5WhMUw8jrvRJ6","Red Drug Bag %233","4","808","Simulated Equipment","Mock Medicine","509","True"
"https://lh3.googleusercontent.com/d/1wbW_VrmOhdxYtRczTVL5WhMUw8jrvRJ6","Red Drug Bag %234","4","808","Simulated Equipment","Mock Medicine","510","True"
"https://lh3.googleusercontent.com/d/1qUzVLUzz7NOGuD4rnks-JacJx5OaGM1V","Sim Monitor iPad Set of 2 %231","1","809","Simulated Equipment","App","30","True"
"https://lh3.googleusercontent.com/d/1qUzVLUzz7NOGuD4rnks-JacJx5OaGM1V","Sim Monitor iPad Set of 2 %232","1","809","Simulated Equipment","App","384","True"
"https://lh3.googleusercontent.com/d/1qUzVLUzz7NOGuD4rnks-JacJx5OaGM1V","Sim Monitor iPad Set of 2 %233","1","809","Simulated Equipment","App","385","True"
"https://lh3.googleusercontent.com/d/1qUzVLUzz7NOGuD4rnks-JacJx5OaGM1V","Sim Monitor iPad Set of 2 %234","1","809","Simulated Equipment","App","386","True"
"https://lh3.googleusercontent.com/d/164cXdUwMLdxyLtfK8Ykz4af96v3Vl25k","Sim Ultrasound iPad Set %231","1","810","Simulated Equipment","App","270","True"
"https://lh3.googleusercontent.com/d/164cXdUwMLdxyLtfK8Ykz4af96v3Vl25k","Sim Ultrasound iPad Set %232","1","810","Simulated Equipment","App","513","True"
"https://lh3.googleusercontent.com/d/1_G4JeZDpTtK5_k4J-Hww8Qnc8P_EtohA","STGC-01","1","811","Technology","Carts","14","True"
"https://lh3.googleusercontent.com/d/1_G4JeZDpTtK5_k4J-Hww8Qnc8P_EtohA","STGC-02","1","811","Technology","Carts","15","True"
"https://lh3.googleusercontent.com/d/1_G4JeZDpTtK5_k4J-Hww8Qnc8P_EtohA","STGC-03","1","811","Technology","Carts","16","True"
"https://lh3.googleusercontent.com/d/1_G4JeZDpTtK5_k4J-Hww8Qnc8P_EtohA","STGC-04","1","811","Technology","Carts","17","True"
"https://lh3.googleusercontent.com/d/1rn4XQqSdfA0PjS_MfkNQmwE1whbPXkK5","ResusMonitor","1","812","Simulated Equipment","App","290","True"
"https://lh3.googleusercontent.com/d/1rn4XQqSdfA0PjS_MfkNQmwE1whbPXkK5","ResusMonitor %232","1","812","Simulated Equipment","App","526","True"
"https://lh3.googleusercontent.com/d/1rn4XQqSdfA0PjS_MfkNQmwE1whbPXkK5","ResusMonitor %233","1","812","Simulated Equipment","App","527","True"
"https://lh3.googleusercontent.com/d/1rn4XQqSdfA0PjS_MfkNQmwE1whbPXkK5","ResusMonitor %234","1","812","Simulated Equipment","App","528","True"
"https://lh3.googleusercontent.com/d/1rn4XQqSdfA0PjS_MfkNQmwE1whbPXkK5","ResusMonitor %235","1","812","Simulated Equipment","App","529","True"
"https://lh3.googleusercontent.com/d/16Ls7uX9jNuTluKaYOYc3E721uiLjLrhQ","Simulated Ice Bag %231","1","813","Simulated Equipment","Prop","291","True"
"https://lh3.googleusercontent.com/d/16Ls7uX9jNuTluKaYOYc3E721uiLjLrhQ","Simulated Ice Bag %232","1","813","Simulated Equipment","Prop","512","True"
"https://lh3.googleusercontent.com/d/1kZ9_fmLLn2rK3WBwKxBd22hXR4INNEdO","Simulated Glucometer %231","1","814","Simulated Equipment","App","292","True"
"https://lh3.googleusercontent.com/d/1jiEDK1zwE70y3PEa6F5WxSMmv857mqpL","Recording","1","9001","Services","Video","448","True"
"https://lh3.googleusercontent.com/d/1rdH49G0clX45vODw7ak1QxbBHMtI3eHG","Live Streaming","1","9002","Services","Video","449","True"
"https://lh3.googleusercontent.com/d/1ZtcZqMXynbdfhDcp8Oroj7PP_BmawTPn","Zoom Meeting","1","9003","Services","Video","450","True"
"https://lh3.googleusercontent.com/d/135De3BPobrkXeqmnQndik9o7HqP4DcZW","FaceTime","1","9004","Services","Video","500","True"
"https://lh3.googleusercontent.com/d/1uzkjvz90_jVtP7bHQgmB5gvlgQWIAeap","Teams Meeting","1","9005","Services","Video","570","True"
"https://lh3.googleusercontent.com/d/15MsvZIUpxYG1gTkNFbKWMkxV9CJ_PqhJ","DC","1","901","Human Resources","Sim Educators","368","True"
"https://lh3.googleusercontent.com/d/15MsvZIUpxYG1gTkNFbKWMkxV9CJ_PqhJ","PM","1","901","Human Resources","Sim Educators","369","True"
"https://lh3.googleusercontent.com/d/15MsvZIUpxYG1gTkNFbKWMkxV9CJ_PqhJ","SB","1","901","Human Resources","Sim Educators","375","True"
"https://lh3.googleusercontent.com/d/15MsvZIUpxYG1gTkNFbKWMkxV9CJ_PqhJ","Intern A","1","901","Human Resources","Sim Educators","378","True"
"https://lh3.googleusercontent.com/d/1qmRg00rGn77Fv51LY_ChZqSz4FjGicW2","JS","1","902","Human Resources","Sim Technologists","370","True"
"https://lh3.googleusercontent.com/d/1qmRg00rGn77Fv51LY_ChZqSz4FjGicW2","SS","1","902","Human Resources","Sim Technologists","371","True"
"https://lh3.googleusercontent.com/d/1qmRg00rGn77Fv51LY_ChZqSz4FjGicW2","HE","1","902","Human Resources","Sim Technologists","372","True"
"https://lh3.googleusercontent.com/d/1qmRg00rGn77Fv51LY_ChZqSz4FjGicW2","TC","1","902","Human Resources","Sim Technologists","373","True"
"https://lh3.googleusercontent.com/d/1qmRg00rGn77Fv51LY_ChZqSz4FjGicW2","SD","1","902","Human Resources","Sim Technologists","374","True"
"https://lh3.googleusercontent.com/d/1hVJXLFp0anOrTsMM0JuTrE3Pr4vZBt2t","Hematoma","1","99001","Moulage","Trauma","451","True"
"https://lh3.googleusercontent.com/d/1hVJXLFp0anOrTsMM0JuTrE3Pr4vZBt2t","Laceration","1","99002","Moulage","Trauma","452","True"
"https://lh3.googleusercontent.com/d/1hVJXLFp0anOrTsMM0JuTrE3Pr4vZBt2t","Bleed","1","99003","Moulage","Trauma","454","True"
"https://lh3.googleusercontent.com/d/1hVJXLFp0anOrTsMM0JuTrE3Pr4vZBt2t","SwollenLips","1","99004","Moulage","Rash","456","True"
"https://lh3.googleusercontent.com/d/1hVJXLFp0anOrTsMM0JuTrE3Pr4vZBt2t","Bruises","1","99005","Moulage","Trauma","457","True"
"https://lh3.googleusercontent.com/d/1hVJXLFp0anOrTsMM0JuTrE3Pr4vZBt2t","Caterpillar","1","99006","Moulage","FBAO","458","True"
"https://lh3.googleusercontent.com/d/1hVJXLFp0anOrTsMM0JuTrE3Pr4vZBt2t","TireMarks","1","99007","Moulage","Trauma","459","True"
"https://lh3.googleusercontent.com/d/1hVJXLFp0anOrTsMM0JuTrE3Pr4vZBt2t","Dogbite","1","99008","Moulage","Trauma","460","True"
"https://lh3.googleusercontent.com/d/1hVJXLFp0anOrTsMM0JuTrE3Pr4vZBt2t","Stab","1","99009","Moulage","Trauma","461","True"
"https://lh3.googleusercontent.com/d/1hVJXLFp0anOrTsMM0JuTrE3Pr4vZBt2t","Broken Ribs","1","99010","Moulage","Trauma","462","True"
"https://lh3.googleusercontent.com/d/1hVJXLFp0anOrTsMM0JuTrE3Pr4vZBt2t","Urticia","1","99011","Moulage","Rash","463","True"
"https://lh3.googleusercontent.com/d/1hVJXLFp0anOrTsMM0JuTrE3Pr4vZBt2t","Seatbelt","1","99012","Moulage","Trauma","464","True"
"https://lh3.googleusercontent.com/d/1hVJXLFp0anOrTsMM0JuTrE3Pr4vZBt2t","Ruptured Abdomen","1","99013","Moulage","Trauma","471","True"
"https://lh3.googleusercontent.com/d/1hVJXLFp0anOrTsMM0JuTrE3Pr4vZBt2t","Abrasions","1","99014","Moulage","Trauma","472","True"
"https://lh3.googleusercontent.com/d/1hVJXLFp0anOrTsMM0JuTrE3Pr4vZBt2t","Amputation","1","99015","Moulage","Trauma","473","True"
"https://lh3.googleusercontent.com/d/1hVJXLFp0anOrTsMM0JuTrE3Pr4vZBt2t","DeGloving","1","99016","Moulage","Trauma","474","True"
"https://lh3.googleusercontent.com/d/1hVJXLFp0anOrTsMM0JuTrE3Pr4vZBt2t","Dislocation","1","99017","Moulage","Trauma","475","True"
"https://lh3.googleusercontent.com/d/1hVJXLFp0anOrTsMM0JuTrE3Pr4vZBt2t","Open Fracture","1","99018","Moulage","Trauma","477","True"
"https://lh3.googleusercontent.com/d/1hVJXLFp0anOrTsMM0JuTrE3Pr4vZBt2t","Knee Injury","1","99019","Moulage","Trauma","479","True"
"https://lh3.googleusercontent.com/d/1hVJXLFp0anOrTsMM0JuTrE3Pr4vZBt2t","First Degree Burn","1","99020","Moulage","Burn","481","True"
"https://lh3.googleusercontent.com/d/1hVJXLFp0anOrTsMM0JuTrE3Pr4vZBt2t","Second Degree Burn","1","99021","Moulage","Burn","482","True"
"https://lh3.googleusercontent.com/d/1hVJXLFp0anOrTsMM0JuTrE3Pr4vZBt2t","Third Degree Burn","1","99022","Moulage","Burn","483","True"
"https://lh3.googleusercontent.com/d/","Sim Man Parts","1","99101","Parts","Sim Man","577","True"
"https://lh3.googleusercontent.com/d/1e47HpSWZrS3Z85vNWNJecqvyEqNRF9rg","E111","1","E111","Rooms","Clinical Skill Rooms","339","True"
"https://lh3.googleusercontent.com/d/1-wmE9F_wMEiab3kJxtIIZAWtMes-x1lt","E604","1","E604","Rooms","Clinical Skill Rooms","340","True"
"https://lh3.googleusercontent.com/d/1AWtFKNZwZqXVvFe6UA9nkE66mpGKNMK-","E604A","1","E604A","Rooms","Clinical Skill Rooms","341","True"
"https://lh3.googleusercontent.com/d/1PBm6kS5KhFT4gO96tyA5jA153xivCUkF","E605","1","E605","Rooms","Classrooms","342","True"
"https://lh3.googleusercontent.com/d/1KHfnO7jauf_qOg9nOa290FkkZdNvhsLk","E606","1","E606","Rooms","Clinical Skill Rooms","343","True"
"https://lh3.googleusercontent.com/d/1cuNDLb9oCWd59YdimNevtjuCdL5RNrXy","E607","1","E607","Rooms","Clinical Skill Rooms","344","True"
"https://lh3.googleusercontent.com/d/1hT_3xZ02Z-t5nMt9ovqyhbLTNvSr-dwI","E608","1","E608","Rooms","Clinical Skill Rooms","345","True"
"https://lh3.googleusercontent.com/d/188B-d72nk9Qqh0dRI4qTIDsL8VriLtBe","E609","1","E609","Rooms","Clinical Skill Rooms","346","True"
"https://lh3.googleusercontent.com/d/19B_vW8ygI68MFw-G_wytpFMuSQ-5qIv-","CPR Skills Room E610","1","E610","Rooms","Clinical Skill Rooms","347","True"
"https://lh3.googleusercontent.com/d/1JCNU1nVu7xtqF1RJ296Bv_1_YMSK6Zmo","Storage 4 E611","1","E611","Rooms","Clinical Skill Rooms","348","True"
"https://lh3.googleusercontent.com/d/1naAam_wGOSwUDLKavNjZKQaxvz9O9Sp8","Storage 1 E612","1","E612","Rooms","Clinical Skill Rooms","349","True"
"https://lh3.googleusercontent.com/d/1InhgtIRu6-pv0-tCMRBbqYoKT8KSXxNH","Storage 2 E614","1","E614","Rooms","Clinical Skill Rooms","350","True"
"https://lh3.googleusercontent.com/d/1xmKppyfpSESekHKtAYb1Sqb9SNBQ4m5a","Sim Admin Office E615","1","E615","Rooms","Clinical Skill Rooms","351","True"
"https://lh3.googleusercontent.com/d/1hwGW4FyeD_1IjDlTXKdTmLmjdIz-VZ22","Debrief Room A E616","1","E616","Rooms","Debrief Rooms","35","True"
"https://lh3.googleusercontent.com/d/1s82vnJ6y1XukGGLIyFfLcUhmD0BMN4FM","Sim Room 1 E617","1","E617","Rooms","Simulation Rooms","31","True"
"https://lh3.googleusercontent.com/d/1tb9f-38SH96HcAMgZB62b4cV7aBDdyO4","Debrief Room B E618","1","E618","Rooms","Debrief Rooms","36","True"
"https://lh3.googleusercontent.com/d/1OJ9tY_kjs8RDHBoYlbz5xfLM7zedldgG","Sim Room 2 E619","1","E619","Rooms","Simulation Rooms","32","True"
"https://lh3.googleusercontent.com/d/116vgZF8bMqPAYpf66yAMnqGnMYCFKlGi","Storage 3 E620","1","E620","Rooms","Clinical Skill Rooms","355","True"
"https://lh3.googleusercontent.com/d/1tGsmxh2CVDCdJBEernG3U2LVNiW3Td0M","Sim Room 3 E621","1","E621","Rooms","Simulation Rooms","33","True"
"https://lh3.googleusercontent.com/d/1_xfrZAWwOZ5Em2SDbpBvmiJ9HvJcI0i_","Control Room E623",,"E623","Rooms","Control Room","491","True"
"https://lh3.googleusercontent.com/d/1TiYdZ-nkJE1c5ztzxD-eQqKX0e6Pm38c","Sim Room 4 E625","1","E625","Rooms","Simulation Rooms","34","True"
"https://lh3.googleusercontent.com/d/1lBm1Ask34EB2MNcJDJiGF4YHk0ZAYFsQ","Debrief Room C E626","1","E626","Rooms","Classrooms","37","True"
"https://lh3.googleusercontent.com/d/1e92a_iiZdDkCeKHUAdj7L3_Z5MFwvu1_","Debrief Room D E627","1","E627","Rooms","Debrief Rooms","38","True"
